account_id,account_name,account_type
1,Ricard Partrick,3
2,Bebe Shillam,2
3,Rozella Tunesi,3
4,Reinaldo Halstead,4
5,Hope Zavattari,4
6,Aubree Aries,3
7,Man Sutterfield,1
8,Olvan Have,2
9,Dona Harme,1
10,Effie Colbeck,4
11,Hollie Mannock,3
12,Ashley Wellan,4
13,Stephani Kempe,3
14,Georgianna Forshaw,2
15,Elliott Parley,4
16,Teressa Grundle,4
17,Ame Whiteson,3
18,Adrian Sarrell,4
19,Marti Riche,2
20,Daffi Flynn,3
21,Salli Gribble,1
22,Jilli Poytheras,2
23,Meade Berick,1
24,Felice Ouver,1
25,Caldwell Woodgate,2
26,Clara Sawter,1
27,Giuseppe Rider,2
28,Pierson Devers,4
29,Brandy Shieldon,1
30,Dodie Harmon,1
31,Kendra Sautter,2
32,Pamela Pettet,1
33,Dalli Ginsie,3
34,Leland Butterfill,4
35,Adorne Scotter,1
36,Kikelia Wheldon,4
37,Jule Laden,2
38,Adorne Toft,2
39,Brandy Hartford,4
40,Gay Annetts,1
41,Berk Kyte,3
42,Guinna Germann,2
43,Alyson Andress,2
44,Amabelle Jacqueme,1
45,Felisha Fairbourn,2
46,Louisette Grimsdith,2
47,Yule Lowater,2
48,Lindie Feldbrin,1
49,Shayna Sealove,4
50,Cornelia Vouls,4
51,Peter Olifaunt,4
52,Anabelle Carvell,3
53,Carole Bellamy,1
54,Kassia Woods,2
55,Mandie Frangleton,1
56,Killie Perrat,3
57,Merl Winspire,4
58,Louise Guswell,1
59,Kelsy Beacham,3
60,Paulie Aberhart,3
61,Mic Muscat,1
62,Joyan Erskine Sandys,2
63,Raye Del Checolo,4
64,Andriette Timothy,1
65,Cosette Spurrior,4
66,Meade Hartright,1
67,Ellsworth Yarnell,1
68,Kerstin Laven,1
69,Beryle Titmarsh,1
70,Sal Cutchey,3
71,Dante Ipsgrave,4
72,Nananne Gatsby,4
73,Randal McAllester,2
74,Beale Richin,4
75,Estell Leighfield,1
76,Renault Scarf,1
77,Brook Chasle,2
78,Loren Bryant,1
79,Marquita Roggers,2
80,Aldus Cromley,1
81,Brett Vido,1
82,Etti Le Marchand,1
83,Crissy Crowth,3
84,Yolande Zecchini,4
85,Barbe Wesgate,4
86,Leland Wellman,2
87,Lorette Gladwell,1
88,Maurie Lippitt,2
89,Jonie Peatman,2
90,Gib Tschirasche,3
91,Gabriellia Stokey,3
92,Babara Furmage,2
93,Melantha Portwain,1
94,Rick Bibb,2
95,Caroline Cutcliffe,1
96,Siana Kryska,1
97,Hartwell Jenney,4
98,Elisa Jacobson,4
99,Truda Crofts,2
100,Stephanie Hundey,4
101,Rowe Goodall,3
102,Brandi Swinfen,2
103,Barr Martini,2
104,Anjela Vasyutichev,2
105,Dmitri De Giorgis,2
106,Howie Astin,3
107,Darelle Christofol,2
108,Chuck Confort,3
109,Aundrea Lambrecht,2
110,Mohandis Somers,3
111,Aubree Klimke,2
112,De Rodolphe,1
113,Warden Quinane,4
114,Sheppard Slegg,3
115,Flore Choat,1
116,Wallie Yashanov,3
117,Trudie Millmoe,2
118,Daveen Da Costa,3
119,Gabie Dullingham,4
120,Cyndy Kirkhouse,3
121,Christel Canceller,1
122,Brana Hoggan,1
123,Joellen Brian,4
124,Danit MacDermid,1
125,Ardeen Morde,3
126,Elke Barter,2
127,Dru Le Barr,3
128,Hershel Yitzhak,1
129,Weylin Heams,4
130,Crissie McKaile,3
131,Christian Flieger,4
132,Nan Chilles,3
133,Tim Petrescu,1
134,Star Stanistreet,4
135,Tatum Epton,2
136,Derwin Trusler,2
137,Gunilla Gilks,2
138,Vinson Yearns,3
139,Shermie Marcos,2
140,Larissa Fassum,3
141,Royce Gomersal,3
142,Yves Spurrett,4
143,Paul Ablott,3
144,Cornall Tomaini,1
145,Erhart Rolling,1
146,Geri Plomer,2
147,Anet Whicher,4
148,Gaultiero Greenin,3
149,Ora Yearnsley,4
150,Nicol Stranaghan,3
151,Adelle Gianolo,2
152,Valentino Handley,4
153,Lexie Geeritz,1
154,Tania De Antoni,2
155,Quincy Betonia,2
156,Doralia Duffit,4
157,Lothaire Bagott,4
158,Orbadiah Acton,2
159,Penni O'Connell,4
160,Roselle Lydall,3
161,Melvyn Bygate,4
162,Petronilla Karlolak,2
163,Sigismondo Dencs,2
164,Jimmy Borth,4
165,Devland Westgate,4
166,Nananne Faye,2
167,Vonni Lathy,1
168,Even Bon,1
169,Iseabal Brumble,1
170,Doralin Spencley,2
171,Coreen Hecks,3
172,Issi Laetham,1
173,Dalt Rottger,4
174,Florence Antoniades,1
175,Milty Attenborough,1
176,Wynn Byrne,3
177,Ware Harrold,1
178,Langsdon Demkowicz,3
179,Lind Pollicote,1
180,Lauritz Andriesse,1
181,Elenore Chastney,2
182,Garreth Fayerman,4
183,Sheba Vinter,4
184,Alasdair Ismirnioglou,1
185,Lydia Ventura,3
186,Gasparo McKmurrie,2
187,Cherlyn Killelay,4
188,Barde Landreth,3
189,Kaleb Scolts,3
190,Clemmie Taggett,2
191,Parke Pawden,1
192,Aggi Couroy,2
193,Delainey Vane,4
194,Wolf Wyson,4
195,Gayelord Joyes,3
196,Ermin Madden,1
197,Mick Minor,3
198,Stephenie Bywater,3
199,Ernst Finnemore,3
200,Delmar Gaskamp,4
201,Josey Sansun,2
202,Eldredge Ribchester,3
203,Whitman Watkiss,1
204,Rhodia Risbridger,2
205,Isabelle Dumbarton,1
206,Cullen Binstead,3
207,Cicely Enrrico,4
208,Gwenette Plane,3
209,Opalina Johnes,1
210,Vittoria Kingaby,2
211,Benn Edmead,2
212,Tybi Robley,4
213,Rycca Kays,1
214,Abbie Roach,2
215,Kessiah Lebourn,2
216,Madella Belward,3
217,Lesli Seabon,2
218,Dare Roderham,4
219,Sadye Aldin,2
220,Shelley Attrill,2
221,Leonora Fincher,4
222,Elvera Umbers,1
223,Felipa Vertey,2
224,Weider Cram,1
225,Aurea Castledine,2
226,Priscilla Woodstock,4
227,Eileen Cluney,2
228,Glory Kenealy,4
229,Andy Pattingson,3
230,Killie Chesshyre,1
231,Nathaniel McKernon,1
232,Herminia Masdon,4
233,Margarethe Leyrroyd,2
234,Kaiser Sollis,4
235,Rudd Seeler,1
236,Goldina Botley,1
237,Virgie Pollastrone,3
238,Nevile Tinghill,1
239,Savina Lowfill,1
240,Torie Charte,2
241,Matty Withrop,4
242,Aryn Dowdle,1
243,Yoko Owttrim,4
244,Carolus Reekie,3
245,Flory Limer,3
246,Tomaso Gouldthorp,2
247,Russ MacPaden,1
248,Marie Cesaric,3
249,Stanwood Shipcott,2
250,Tiebold Kelberer,2
251,Tab Scoular,2
252,Ciel Taggerty,4
253,Enoch Grafton,4
254,Mervin Reef,1
255,Homer Ros,4
256,Oberon Brettor,2
257,Shirline Levermore,2
258,Denyse Greener,4
259,Roberta Mates,2
260,Gearalt Beckensall,3
261,Thorpe Iwanicki,2
262,Anjanette Schultze,3
263,Carey Cadwaladr,2
264,Gustavo Gerardet,4
265,Joline Lipmann,2
266,Mariette Yezafovich,1
267,Noland Matussevich,1
268,Antonio Wallage,1
269,Jorey Killingworth,2
270,Xymenes Laight,4
271,Fedora O'Hear,3
272,Derwin O'Spillane,3
273,Jamal Vass,2
274,Angelle Zannutti,1
275,Sawyer Scholer,4
276,Papageno Tumilson,2
277,Aggie Edgeley,4
278,Ewell Drennan,2
279,Julee Hemerijk,3
280,Estelle Lidden,3
281,Duncan Bernaert,2
282,Dix Carnock,1
283,Harriot Harley,2
284,Olimpia Bengoechea,4
285,Gipsy Crunkhurn,2
286,Charlie Domenget,3
287,Kelsey Throughton,4
288,Gerardo L'Homme,3
289,Renard O'Flaherty,2
290,Winfred Bowler,4
291,Penelopa Goathrop,3
292,Kelvin McDonand,1
293,Herschel Calvard,2
294,Rabi Rosellini,2
295,Lana Defraine,2
296,Rora O'Bradane,4
297,Jimmie Hebburn,3
298,Ruprecht Hinckesman,3
299,Craggie Pettyfar,1
300,Phyllida Eldered,4
301,Nana Eyre,2
302,Mannie Trymme,2
303,Melvyn Hampton,2
304,Lynnelle Ayre,2
305,Emilie Abdy,2
306,Panchito Wardhaugh,2
307,Terrance Hallaways,2
308,Ella Goodisson,1
309,Pat Lassey,4
310,Willyt Charman,3
311,Marina Cunnell,3
312,Aurelie Hardwell,1
313,Nancy Lackey,4
314,Deedee Tonsley,2
315,Jeromy Purvess,2
316,Shep Vasenkov,1
317,Oriana Krystof,3
318,Rebecca Joder,4
319,Dyanna Bugdall,1
320,Fleurette Gildersleeve,1
321,Kirstin Mixhel,1
322,Rosella Berthot,1
323,Wade Knowlton,1
324,Hayes Franceschi,4
325,Deana McCumesky,4
326,Dniren Samter,4
327,Georgetta Fenix,3
328,Olag Jeary,3
329,Zachery Joannic,2
330,Kathi Bowcock,2
331,Ari Hanigan,3
332,Casey Dealey,2
333,Judon Shipston,1
334,Berny Mandres,2
335,Maible Daintree,2
336,Cristiano Croisier,1
337,Courtney Sarton,1
338,Dudley Slaght,4
339,Carree Airdrie,4
340,Jena Lars,1
341,Regine Pepye,2
342,Elianore Goodburn,3
343,Aluin Hunnybun,2
344,Martina Iannuzzelli,2
345,Sibby Costin,1
346,Valeda Dory,4
347,Chan Lomax,2
348,Tamarah Bendle,3
349,Kerrin Mordon,2
350,Hazlett Haversham,1
351,Clary Paulack,4
352,Corissa Sowten,2
353,Mayne Coathup,2
354,Netta Yon,1
355,Dorothea Northrop,2
356,Giulio Sidaway,1
357,Valentina Mapledoore,1
358,Wilow Damrell,3
359,Milton Pods,3
360,Barthel Linwood,2
361,Annadiane Cram,2
362,Gawen Sagg,4
363,Loralee Danielkiewicz,2
364,Cherye Grunder,4
365,Vinita Willgrass,4
366,Yalonda Summerill,1
367,Bobbette Cruwys,4
368,Latrina Dowley,4
369,Agneta Crake,4
370,Brynn Marconi,4
371,Priscella Erlam,4
372,Ferrel Gylle,4
373,Guthry Maton,3
374,Sharla Desson,3
375,Antin Love,2
376,Christie Poone,2
377,Phaedra Juliano,4
378,Ursa Murricanes,2
379,Vitoria Caen,1
380,Sally Sandbrook,2
381,Neill McAw,4
382,Graeme Patrono,4
383,Cecilio Oxbrough,2
384,Delcine McKellen,4
385,Thorin Burleigh,2
386,Abbott Salkeld,3
387,Cordy Jankiewicz,3
388,Tally Stallibrass,3
389,Norrie Rosenstengel,3
390,Jaquenette Lidington,3
391,Ketty Ough,4
392,Seward Eustice,3
393,Ema Longstreeth,2
394,Pris Petric,3
395,Meade Kanzler,3
396,Ollie Matson,2
397,Natty Mayman,4
398,Noell Wetherburn,3
399,Tomasine Duckinfield,1
400,Thorn MacEveley,1
401,Sherry Pucknell,1
402,Felicity Clough,1
403,Bondon Trimby,1
404,Eulalie Hurt,3
405,Zacharia Murrell,2
406,Waneta Verrick,2
407,Haleigh Beviss,4
408,Siouxie Maneylaws,2
409,Steven Pitney,4
410,Gill Castelot,1
411,Chase Sheron,2
412,Adolf Sapson,3
413,Renard Gauche,1
414,Silas Ellicock,3
415,Northrup Peachey,2
416,Mead Cridland,3
417,Waly Croxon,1
418,Heinrick Morriarty,3
419,Marketa Moller,1
420,Jacintha Hayter,1
421,Suzie Pawelczyk,1
422,Estell Qusklay,4
423,Glenn Beyer,2
424,Rik Jacson,3
425,Andy Paton,4
426,Remus Lanchberry,1
427,Wylma Sego,1
428,Bryn Hegges,4
429,Suzette Cleminson,3
430,Brenn Moulding,1
431,Donielle Saynor,4
432,Robbyn Kupis,2
433,Gavin Bows,4
434,Bunny M'Quharge,1
435,Barnett Klimentyev,2
436,Bianca Duffit,4
437,Lora Bradnum,1
438,Dianne Mash,3
439,Agnella Aim,2
440,Dorisa Doul,4
441,Melody Scherer,3
442,Chad Scard,3
443,Flora Hanshaw,3
444,Cathie Swetmore,1
445,Dania Burnapp,2
446,Nigel Debenham,4
447,Brig Benedite,3
448,Baron Shelp,2
449,Wrennie Barents,1
450,Jessalyn McQuilliam,2
451,Colette Laverenz,1
452,Nanon Drohun,3
453,Cos Ortell,2
454,Christen Endicott,1
455,Cori Landsberg,3
456,Kaitlyn Glaze,3
457,Janeva Anger,4
458,Eda Orgel,2
459,Klara Clerke,2
460,Lenee Simmell,4
461,Keenan Swetland,4
462,Dorian Glanders,4
463,Edwin Woolens,2
464,Carmen Eadon,2
465,Carlie Rickets,1
466,Idaline Moyes,3
467,Dell Mabson,1
468,Finlay Russilll,4
469,Constantin Gorgler,2
470,Karol Wrack,3
471,Dolf Droghan,1
472,Dodi Howden,1
473,Octavia Agott,3
474,Burnaby Naerup,4
475,Kyrstin Leads,4
476,Rica Peotz,2
477,Ethelred Albion,4
478,Fields Gurery,1
479,Alwin Slyford,4
480,Hetty Batcheldor,1
481,Ogdan Senogles,3
482,Mala Louder,3
483,Skipp Simoneschi,4
484,Shannan Pidgeley,1
485,Tades Vine,4
486,Marena Bendelow,4
487,Louie Rigmond,2
488,Zarla Nanni,4
489,Frederigo Lumsdaine,3
490,Barby Echelle,2
491,Lyon Drysdale,4
492,Jacqui Vautrey,4
493,Samantha Criple,4
494,Leena Heaps,2
495,Vernen Flower,4
496,Sascha Slocket,2
497,Claretta Hughes,2
498,Stefano Mattam,2
499,Myra Ramalho,4
500,Meta Tomczak,4
501,Shena Tallquist,1
502,Dene Loney,4
503,Hetti Blindt,1
504,Karissa Logsdale,4
505,Ethelbert Yanne,3
506,Cchaddie Jellman,2
507,Demetris Thibodeaux,4
508,Vasilis Gingel,1
509,Perri Tibb,3
510,Gerti Church,3
511,Lukas Bugge,4
512,Guglielmo Madsen,2
513,Idette Couroy,3
514,Frazier Rate,4
515,Doll Murrock,3
516,Padgett Geekie,3
517,Truda Mackley,1
518,Lyndsay Crookall,1
519,Ardith Hammond,4
520,Jeffrey Doelle,4
521,Celestina Hopkyns,3
522,Kamillah Gimber,4
523,Lynnet Sumsion,2
524,Granville Lewzey,4
525,Amil McGorley,4
526,Rasia Fyndon,1
527,Emmerich Curzon,4
528,Chadd Partington,2
529,Malissa Oseman,1
530,Robena Rothert,3
531,Carrol Sarra,2
532,Gawen Itter,3
533,Stevie Rosingdall,3
534,Meredithe Spratt,4
535,Filippo Faraker,1
536,Betsy Houlden,3
537,Melodie Kort,1
538,Worthy Beere,1
539,Debbie Belderson,1
540,Thia Sallis,4
541,Leopold Tann,3
542,Aurelie Lavens,1
543,Carolin Zuann,1
544,Neda Berridge,1
545,Tiffany Tupman,3
546,Dyana Bye,3
547,Ulrike Dredge,3
548,Hartley Bethel,3
549,Dominic Domesday,1
550,Edi Pusey,3
551,Ernst Crosskill,1
552,Adler Larcombe,3
553,Cord Kempston,1
554,Emelyne Rymmer,2
555,Arnie Goold,3
556,Tana Carr,4
557,Conroy Senogles,4
558,Lyndel Pellitt,4
559,Griselda Sunley,3
560,Donny Brodeau,2
561,Carline MacFadin,2
562,Celie Threadkell,2
563,Powell Corkan,1
564,Tommy Forrestall,3
565,Gonzales Kief,4
566,Belinda Raveau,4
567,Wye Mattersey,3
568,Tabbi Ayce,3
569,Fannie Pratt,4
570,Conrad Trembath,1
571,Vivyanne Korejs,4
572,Egor Llewelyn,3
573,Francoise Mattis,2
574,Valida Boal,1
575,Tyrone Tunnah,4
576,York Dyde,2
577,Timmi Claringbold,3
578,Amalee Rodgers,3
579,Judi Gamlen,2
580,Andrej Burgh,4
581,Pincas Goomes,4
582,Bernita Lind,3
583,Chickie Beebe,2
584,Katee Spellacy,2
585,Carmine Pilkinton,1
586,Car Figgins,1
587,Bengt Girodon,2
588,Emogene Sumption,4
589,Bartholomeo Grimsdith,2
590,Ricardo Spatari,4
591,Waverley Caramuscia,4
592,Nikkie Pigdon,4
593,Ardyce Blasio,1
594,Dulce Shepheard,3
595,De Gapper,1
596,Annetta Hukin,2
597,Shanie Flaunier,3
598,Ring Ferneyhough,1
599,Eugenio Hiorn,3
600,Mata Loeber,4
601,Frannie Puleston,4
602,Ursuline Matton,3
603,Farr Leeves,2
604,Demott Kintzel,2
605,Caroljean Blazic,3
606,Octavius Grabb,3
607,Levy Brumhead,1
608,Symon Crowcher,3
609,Rosamund Zylbermann,1
610,Adolf Maliffe,3
611,Chryste Normanvell,2
612,Nealon Huskinson,4
613,Jillene Yoslowitz,1
614,Kliment Rennles,3
615,Percival Frances,2
616,Ichabod Doiley,1
617,Reginald Gallon,1
618,Marge Kitchenman,2
619,Schuyler Beamiss,3
620,Mel Lavell,4
621,Audie Plak,1
622,Duff Custance,1
623,Jorey Drane,3
624,Guntar Aggis,1
625,Rebecca Ianne,3
626,Katharina Jacmar,2
627,Meara Board,2
628,Dwayne Cartlidge,1
629,Lanita Bartod,4
630,Carline Monard,1
631,Patti Bonanno,2
632,Rebecka Buckingham,3
633,Meyer Pavelka,1
634,Minnaminnie Cheeld,4
635,Sinclare Kitchenside,1
636,Langston Patrono,1
637,Englebert Adamou,2
638,Christoforo Cheshire,4
639,Kimmy Bambury,2
640,Dominique Fellgate,4
641,Giavani Firby,2
642,Alena Helbeck,4
643,Morie MacGiolla Pheadair,4
644,Bendick Rickwood,2
645,Alexis Eddy,3
646,Sal Hanscombe,4
647,Israel Farrand,1
648,Corbet Clarson,3
649,Bobby Alam,1
650,Luis Thornbarrow,2
651,Albert Roget,2
652,Ethyl Graundisson,4
653,Boonie Andrioli,4
654,Allina Cagan,4
655,Kara Thomson,4
656,Aldo Mundell,4
657,Thorstein Fynan,1
658,Bartolemo Champkins,2
659,Elysha Loton,3
660,Randene Birrell,3
661,Ansell Lympenie,4
662,Inger Kingdon,2
663,Drucie MacGillacolm,4
664,Keith Careswell,3
665,Gretchen De Malchar,3
666,Madalena Whenham,4
667,Sadye Steedman,2
668,Shelia Ferroli,4
669,Nat Dyche,1
670,Torry Linge,4
671,Shelley Mummery,4
672,Decca Clemencon,3
673,Chelsae Baynom,2
674,Coreen Antecki,3
675,Alphonso Habbin,4
676,Hana Coyett,1
677,Merrel Camoys,2
678,Juli Gallally,2
679,Sim Easeman,3
680,Bryanty Borrows,4
681,Meg Willgoose,1
682,Gussy Harrald,1
683,Vanda Steventon,2
684,Elnore Poncet,4
685,Caron Venus,2
686,Carolyn Moss,1
687,Morty Di Nisco,4
688,Sunny Luce,4
689,Mortimer Clementi,4
690,Sherrie Quayle,2
691,Sammy MacKomb,3
692,Caye Gabbitas,4
693,Bendite Nye,4
694,Ewen Ruben,2
695,Robinet Sparwell,3
696,Sheryl Pikhno,1
697,Ulises Glandfield,2
698,Hettie Lorenzin,1
699,Bengt O'Reilly,4
700,Adora Legen,3
701,Carina Ellum,4
702,Charmian Plumstead,1
703,Harris Dockwray,3
704,Abby Quinsee,3
705,Aylmar Zold,3
706,Fitz Rountree,1
707,Jordain Scholler,3
708,Kevina Gay,4
709,Roderick Powlesland,2
710,Reuben Elesander,1
711,Louisa Blowfield,2
712,Myranda Klimushev,3
713,Trefor Sergeaunt,2
714,Myrilla Cordelet,3
715,Lothario Alderwick,4
716,Cchaddie Dorro,3
717,Maximilian Westman,2
718,Mara Handaside,2
719,Gerardo Henriques,4
720,Shaine Eddow,4
721,Piotr Dunmore,4
722,Lindi Hendrik,2
723,Amandie Rotherham,1
724,Selene Kohler,3
725,Janette Greensall,1
726,Caryl Matyushonok,2
727,Cary Rack,1
728,Maurita Philcock,1
729,Lizette Southers,1
730,Iago Dymock,4
731,Dallas Lindstrom,3
732,Rosalinda Bavister,4
733,Flint Caesar,2
734,Karly Paulmann,2
735,Twyla Kensett,1
736,Tomasina Ropars,2
737,Cathrine MacFadzean,2
738,Isac Egdale,3
739,Cordelie Cracie,4
740,Alessandro Grey,3
741,Karry Staples,3
742,Elsey Harriman,2
743,Ailsun Taudevin,1
744,Lockwood Baulch,4
745,Umeko Bruneton,4
746,Muire Ogborne,1
747,Debor Rotherham,1
748,Corbet McGahey,2
749,Ernst Mathie,1
750,Ashely Shemming,4
751,Missy Mackerness,1
752,Hattie Killingsworth,4
753,Mabel Naldrett,1
754,Sibylle Josskovitz,2
755,Yoko Lease,2
756,Tessie Gumme,2
757,Berni Bolf,2
758,Thoma Ianetti,4
759,Klara Kevern,1
760,Temple Beldum,4
761,Barn Nutt,4
762,Lissa Jobke,1
763,Jolee Ivashkov,1
764,Karyl Bancroft,4
765,Keen Hackford,1
766,Kathryn Shopcott,1
767,Letisha Sutherley,2
768,Isac Romaines,2
769,Alvy Shellum,1
770,Rafaello Buie,1
771,Bryon Wrout,3
772,Hanna Basketfield,1
773,Marjy Voce,1
774,Heidi Jesteco,1
775,Rubi Bentham3,1
776,Ally Gummoe,1
777,Felice MacDaid,2
778,Robin Froome,1
779,Ber Pickthorne,4
780,Nichole Blaske,1
781,Haslett Flucker,3
782,Moira Storch,3
783,Ennis Witson,1
784,Darcee Geck,1
785,Dion Purver,3
786,Gram Easbie,4
787,Lyssa Lammers,2
788,Thalia Ashall,2
789,Ashlin Tarney,4
790,Faith Tookill,4
791,Valerie Pfeuffer,1
792,Toddy Eliyahu,4
793,Cale Dallicott,4
794,Hamish Theis,1
795,Dosi Feares,1
796,Gram Downer,2
797,Dania Gregore,1
798,Dorise Fawcett,1
799,Laird Tomaszkiewicz,4
800,Chloette Wittering,4
801,Lorrayne Godlip,3
802,Ogdon MacNeilage,1
803,Jamie Ibarra,2
804,Nonah Errol,1
805,Hetty Furlow,1
806,Leanna Crump,4
807,Evangelia Kubicki,2
808,Noelani Nutley,4
809,Coralyn Pease,3
810,Margarita Pollitt,1
811,Matthew Filipyev,4
812,Darb Boyford,2
813,Jasmine Mounter,1
814,Huberto Saunier,2
815,Noble Worshall,2
816,Nelle Aldersea,1
817,Karilynn Hawthorne,2
818,Ram Mattosoff,3
819,Guenevere Sidebotton,1
820,Talya Tomadoni,4
821,Calley McClinton,3
822,Ranique Dressel,3
823,Roi Cusiter,4
824,Ashlen Ashley,1
825,Kent Rucklesse,4
826,Shirleen Kirimaa,4
827,Willie Fagge,3
828,Lyon Wones,4
829,Ainsley Caisley,3
830,Kalle Cattle,2
831,Valene Arnoult,4
832,Gussie Blucher,4
833,Haywood Franzolini,2
834,Melony McNelly,2
835,Liliane Fairfoull,3
836,Stephenie Petrakov,1
837,Thomasin Alvin,3
838,Quinn Jakubovics,1
839,Geno Di Matteo,1
840,April Adshede,3
841,Marni Dik,2
842,Arlette Zelake,4
843,Hillary Broxholme,2
844,Codi Priddy,3
845,Nikki Tringham,1
846,Nikolas Casarili,4
847,Bradley Notman,2
848,King Precious,3
849,Nariko Rozea,3
850,Lindsay Devonish,2
851,Maybelle Moorhouse,3
852,Bernie McGarvie,2
853,Howey Symondson,4
854,Waverley Iacobassi,4
855,Ozzie Sendall,1
856,Tymon Vanacci,4
857,Araldo Dufaur,2
858,Amberly Folbige,2
859,Agustin Birkenshaw,1
860,Lorain Simioli,4
861,Erica Leeder,1
862,Johannah Parlatt,1
863,Gilberte Ferryman,1
864,Daren Garthland,2
865,Shayna Shale,3
866,Cleve Hought,1
867,Constancy Spiller,1
868,Ddene Nineham,2
869,Trula Gomersal,4
870,Jerrilyn Gadie,4
871,Seamus Cardew,1
872,Aldis Dawtre,3
873,Olia Counsell,2
874,Brendis Grubb,4
875,Denice MacKaile,4
876,Norton DeSousa,4
877,Carrie Byk,1
878,Ferdie Arunowicz,2
879,Yank Luxen,3
880,Marie Frederick,2
881,Riannon Petkovic,4
882,Faith Lushey,1
883,Sherwynd Bradd,1
884,Josy Lepick,4
885,Brant Hartzog,1
886,Sheilah Geikie,1
887,Gaston Confait,3
888,Jayne Runge,4
889,Simona Emslie,1
890,Yolande Simpson,2
891,Bartholomew Brentnall,2
892,Vivyan Stollwerck,2
893,Augusto Lissandre,1
894,Randall Gingedale,4
895,Josefina Brinkler,3
896,Nadya Deviney,2
897,Tatum Sowray,2
898,Rosy Ranscombe,2
899,Ardyth Sextone,3
900,Yulma Baudou,1
901,Corabella Werlock,1
902,Stephan Le Gall,4
903,Shawnee Barkway,1
904,Hansiain Dickey,1
905,Ichabod Caton,2
906,Gil McCabe,4
907,Carr Witt,4
908,Madlen Porteous,1
909,Artair Gaskins,2
910,Irma Crummy,3
911,Caldwell Tower,2
912,Elfrida Caws,2
913,Dwain Sunock,4
914,Ebony Pietz,3
915,Marcia McClelland,2
916,Faydra Marner,3
917,Juanita Hardesty,2
918,Nertie Duggary,3
919,Red Smylie,4
920,Lyle Garlee,3
921,Aron Whifen,1
922,Eloisa Botting,4
923,Barbette Meeny,3
924,Aubrette Shepard,2
925,Somerset Lote,1
926,Xenos Twidell,4
927,Shannen Hackworth,4
928,Darsey Hughesdon,3
929,Lind Kimberley,4
930,Mar McBeth,2
931,Mahalia Morfey,1
932,Standford Lidierth,4
933,Tommy Duckwith,1
934,Ailsun Hundal,3
935,Marji Baskett,1
936,Rodrique Jaquemar,4
937,Dannie Savin,2
938,Pincus Dinsell,4
939,Brennen McGoogan,3
940,Umeko Lamble,4
941,Neely Harvie,1
942,Lurlene Swithenby,2
943,Godard Brownjohn,3
944,Ashlen Bridgen,2
945,Alyssa Duddle,3
946,Gerry Shelf,2
947,Danna Gumley,2
948,Kira Filippello,1
949,Margy McElory,2
950,Ashlan Tuddall,4
951,Carlina Sudron,3
952,Lucille Vreiberg,2
953,Uriah Hannigan,4
954,Jodie Kun,2
955,My Tremouille,3
956,Michale Featherstonhaugh,4
957,Sascha Sweeten,4
958,Leroy Cortese,2
959,Ivy Baseley,2
960,Ingrim Klimek,2
961,Hersh Ganniclifft,3
962,Margaret Resdale,1
963,Corry Dunbobin,4
964,Brandice Skeech,2
965,Silvain Rushsorth,2
966,Ermin Syphas,4
967,Viviene Warton,4
968,Linnell Teaser,3
969,Giorgi Berridge,4
970,Danit Lehrian,2
971,Branden Skuse,4
972,Rhonda Stonary,2
973,Bart Salvadori,3
974,Amalita Bendell,4
975,Lionel Thomassin,1
976,Hurlee Trinbey,3
977,Mathew Bristow,4
978,Cart Panchen,4
979,Reyna Faulo,4
980,Sheridan Picott,3
981,Anabal Shacklady,1
982,Tallie Adanet,4
983,Lora Blaycock,1
984,Cassaundra Whalebelly,4
985,Meyer Burdge,1
986,Pia Oller,4
987,Shelbi Sawrey,2
988,Lorilee Creeboe,1
989,Lindsey Fearnall,2
990,Pris Dolan,3
991,Homere Jiggen,2
992,Gordie Baudi,2
993,Michaela Stout,4
994,Gard Caldow,2
995,Ray Bowra,2
996,Robinson Fencott,1
997,Rutger Godney,4
998,Alexandros McCleod,4
999,Orville Geratt,3
1000,Wylie Dietz,2
